{"cameraMode":{"drawMode":0,"name":"Shaded","section":"Shading Mode"},"sceneLighting":true,"audioPlay":false,"sceneViewState":{"m_AlwaysRefresh":false,"showFog":true,"showSkybox":true,"showFlares":true,"showImageEffects":true,"showParticleSystems":true,"showVisualEffectGraphs":true,"m_FxEnabled":true},"in2DMode":false,"pivot":{"x":465.0877990722656,"y":281.9145202636719,"z":-28.176116943359376},"rotation":{"x":-0.015847476199269296,"y":-0.07283098250627518,"z":-0.0011573985684663058,"w":0.9972182512283325},"size":228.36337280273438,"orthographic":false}