{"cameraMode":{"drawMode":0,"name":"Shaded","section":"Shading Mode"},"sceneLighting":false,"audioPlay":false,"sceneViewState":{"m_AlwaysRefresh":false,"showFog":true,"showSkybox":false,"showFlares":true,"showImageEffects":true,"showParticleSystems":true,"showVisualEffectGraphs":true,"m_FxEnabled":true},"in2DMode":false,"pivot":{"x":0.26169726252555849,"y":-0.12858211994171143,"z":-2.0719761848449709},"rotation":{"x":-0.026882141828536989,"y":0.9573869705200195,"z":-0.2714793384075165,"w":-0.09480118751525879},"size":2.6167173385620119,"orthographic":false}