{"cameraMode":{"drawMode":0,"name":"Shaded","section":"Shading Mode"},"sceneLighting":false,"audioPlay":false,"sceneViewState":{"m_AlwaysRefresh":false,"showFog":true,"showSkybox":false,"showFlares":true,"showImageEffects":true,"showParticleSystems":true,"showVisualEffectGraphs":true,"m_FxEnabled":true},"in2DMode":false,"pivot":{"x":-3.9541232585906984,"y":1.5899053812026978,"z":22.48165512084961},"rotation":{"x":-0.00025071416166611016,"y":0.9986305832862854,"z":-0.004803059622645378,"w":-0.052174944430589679},"size":0.6244727969169617,"orthographic":false}