{"cameraMode":{"drawMode":0,"name":"Shaded","section":"Shading Mode"},"sceneLighting":false,"audioPlay":false,"sceneViewState":{"m_AlwaysRefresh":false,"showFog":true,"showSkybox":false,"showFlares":true,"showImageEffects":true,"showParticleSystems":true,"showVisualEffectGraphs":true,"m_FxEnabled":true},"in2DMode":false,"pivot":{"x":0.07307983934879303,"y":1.08364737033844,"z":0.06266212463378906},"rotation":{"x":0.0013554358156397939,"y":0.9981508851051331,"z":-0.05576426535844803,"w":0.02426077239215374},"size":0.7658490538597107,"orthographic":false}